date,user,content
2022-07-16 18:23:21+00:00,shams,Josh Minott
2022-07-16 03:57:53+00:00,shams,Keldon Johnson
2022-07-13 04:10:54+00:00,shams,Jamaree Bouyea
2022-07-13 03:50:26+00:00,shams,Pat Connaughton
2022-07-09 21:19:07+00:00,shams,Jaylin Williams
2022-07-08 21:29:02+00:00,shams,Taj Gibson
2022-07-08 21:12:29+00:00,shams,Damian Lillard
2022-07-08 19:05:26+00:00,shams,James Harden
2022-07-07 16:29:30+00:00,shams,Jericho Sims
2022-07-06 16:22:00+00:00,shams,Caleb Martin
2022-07-05 23:54:11+00:00,shams,Kennedy Chandler
2022-07-05 13:46:06+00:00,shams,TJ Warren
2022-07-05 12:30:07+00:00,shams,Gorgui Dieng
2022-07-04 15:57:24+00:00,shams,Serge Ibaka
2022-07-03 19:15:25+00:00,shams,Goran Dragic
2022-07-03 00:07:00+00:00,shams,Josh Okogie
2022-07-02 22:51:45+00:00,shams,Jock Landale
2022-07-02 19:32:45+00:00,shams,Cody Martin
2022-07-02 00:11:29+00:00,shams,Jalen Smith
2022-07-01 23:21:27+00:00,shams,Donte DiVincenzo
2022-07-01 19:57:32+00:00,shams,Raul Neto
2022-07-01 18:32:35+00:00,shams,Derrick Jones
2022-07-01 15:58:07+00:00,shams,Zach LaVine
2022-07-01 14:44:10+00:00,shams,Aaron Holiday
2022-07-01 12:50:05+00:00,shams,Zion Williamson
2022-07-01 05:34:52+00:00,shams,Gary Payton
2022-07-01 02:11:38+00:00,shams,Andre Drummond
2022-07-01 00:24:25+00:00,shams,Kevin Knox
2022-06-30 23:44:15+00:00,shams,JaVale McGee
2022-06-30 23:05:06+00:00,shams,Troy Brown
2022-06-30 23:02:55+00:00,shams,Lonnie Walker
2022-06-30 22:56:23+00:00,shams,Jae'Sean Tate
2022-06-30 22:25:23+00:00,shams,Dewayne Dedmon
2022-06-30 22:24:24+00:00,shams,Davon Reed
2022-06-30 22:16:17+00:00,shams,Jevon Carter
2022-06-30 22:14:25+00:00,shams,Wesley Matthews
2022-06-30 22:07:06+00:00,shams,Danuel House
2022-06-30 22:05:01+00:00,shams,Bobby Portis
2022-06-30 22:01:54+00:00,shams,PJ Tucker
2022-06-30 22:01:00+00:00,shams,Victor Oladipo
2022-06-30 22:00:57+00:00,shams,Isaiah Hartenstein
2022-06-30 22:00:45+00:00,shams,DeAndre Jordan
2022-06-30 22:00:20+00:00,shams,Malik Monk
2022-06-30 22:00:11+00:00,shams,Devin Booker
2022-06-30 22:00:07+00:00,shams,Nikola Jokic
2022-06-30 21:02:28+00:00,shams,Jalen Brunson
2022-06-30 18:50:38+00:00,shams,Royce O'Neale
2022-07-17 23:12:30+00:00,woj,Jack White
2022-07-17 20:06:24+00:00,woj,Simone Fontecchio√Ç
2022-07-15 01:31:49+00:00,woj,Austin Rivers
2022-07-15 00:01:55+00:00,woj,Deandre Ayton
2022-07-14 20:07:18+00:00,woj,Duane Malcolm
2022-07-14 18:57:03+00:00,woj,Deandre Ayton
2022-07-14 01:49:38+00:00,woj,
2022-07-14 01:48:53+00:00,woj,Kentavious Caldwell-Pope
2022-07-13 04:04:30+00:00,woj,
2022-07-13 04:02:16+00:00,woj,Pat Connaughton
2022-07-12 21:39:11+00:00,woj,Rudy Gobert
2022-07-10 22:58:24+00:00,woj,Taj Gibson
2022-07-10 21:23:51+00:00,woj,Danilo Gallinari
2022-07-08 18:28:02+00:00,woj,Frank Kaminsky
2022-07-07 16:50:18+00:00,woj,
2022-07-07 16:48:43+00:00,woj,John Konchar
2022-07-05 21:03:56+00:00,woj,Isaiah Roby
2022-07-05 15:44:50+00:00,woj,Edmond Sumner
2022-07-05 13:46:01+00:00,woj,TJ Warren
2022-07-02 18:51:26+00:00,woj,Eugene Omoruyi
2022-07-02 16:30:33+00:00,woj,Darius Garland
2022-07-02 03:24:11+00:00,woj,Damion Lee
2022-07-01 23:23:03+00:00,woj,Donte DiVincenzo
2022-07-01 20:16:50+00:00,woj,Jaden McDaniels.
2022-07-01 19:47:59+00:00,woj,Walker Kessler
2022-07-01 19:40:18+00:00,woj,Malik Beasley
2022-07-01 19:37:54+00:00,woj,Rudy Gobert
2022-07-01 18:57:59+00:00,woj,Kevon Looney
2022-07-01 17:40:30+00:00,woj,Malcolm Brogdon
2022-07-01 17:35:58+00:00,woj,Malcolm Brogdon
2022-07-01 17:16:33+00:00,woj,
2022-07-01 17:10:02+00:00,woj,Kevin Huerter
2022-07-01 16:48:59+00:00,woj,Robin Lopez
2022-07-01 16:42:58+00:00,woj,Drew Eubanks
2022-07-01 15:14:01+00:00,woj,Theo Pinson
2022-07-01 13:39:52+00:00,woj,Ricky Rubio
2022-07-01 04:01:47+00:00,woj,Ja Morant
2022-07-01 04:00:42+00:00,woj,
2022-07-01 04:00:29+00:00,woj,Nikola Jokic
2022-07-01 04:00:13+00:00,woj,Devin Booker
2022-07-01 04:00:01+00:00,woj,Karl-Anthony Towns
2022-07-01 02:28:06+00:00,woj,Andre Drummond
2022-07-01 01:33:46+00:00,woj,Jalen Brunson
2022-07-01 01:01:31+00:00,woj,Delon Wright
2022-07-01 00:40:20+00:00,woj,Kyle Anderson
2022-07-01 00:25:48+00:00,woj,Gary Harris
2022-06-30 23:59:56+00:00,woj,Anthony Gill
2022-06-30 23:14:02+00:00,woj,Nic Claxton
2022-06-30 22:53:52+00:00,woj,Patty Mills
2022-06-30 22:23:50+00:00,woj,Trevelin Queen
2022-06-30 22:21:45+00:00,woj,Nic Batum
2022-06-30 22:19:50+00:00,woj,Lu Dort
2022-06-30 22:18:56+00:00,woj,Chris Boucher
2022-06-30 22:16:12+00:00,woj,Damian Jones
2022-06-30 22:15:44+00:00,woj,Amir Coffey
2022-06-30 22:11:33+00:00,woj,Tyus Jones
2022-06-30 22:08:34+00:00,woj,Danuel House
2022-06-30 22:04:37+00:00,woj,Bobby Portis
2022-06-30 22:03:23+00:00,woj,Anfernee Simons
2022-06-30 22:01:16+00:00,woj,Bradley Beal
2022-06-30 19:11:23+00:00,woj,
2022-06-30 13:00:44+00:00,woj,Kemba Walker
